category,path,exists,row_count_or_file_count,key_columns,last_modified,notes
analytic_cohort,outputs/publishable_v2/data_lock/data_lock_n1897.csv,True,2042,case_id;patient_id;exam_id_or_oct_id;center_id;center_name;split_eligible;oct_available;colposcopy_available;clinical_prior_available;vlm_cache_available;oct_num_bscans;colposcopy_num_images;age;hpv_status_harmonized;hpv16_18_status;tct_status_harmonized;pathology_text_raw;pathology_grade_harmonized;pathology_mapping_rule;pathology_cin2plus,2026-05-23 13:48:35,
analytic_cohort,outputs/publishable_v2/tables/table1_cohort_baseline_n1897.csv,True,6,center_name;n_total;pathology_cin2plus_n;pathology_cin2plus_pct;pathology_cin3plus_n;pathology_cin3plus_pct;cin0_1_or_benign_n;cin2_or_hsil_ungraded_n;cin3plus_n;cancer_n;clinical_prior_available_n,2026-05-23 13:48:36,
split_files,outputs/publishable_v2/splits/loco_folds_v2.json,True,3851,,2026-05-23 13:48:37,
split_files,outputs/publishable_v2/splits/fixed_external_split_v2.json,True,123,,2026-05-23 13:48:37,
split_files,outputs/publishable_v2/splits/split_manifest_v2.csv,True,9485,case_id;patient_id;center_id;center_name;fold_id;split_role;is_train;is_validation;is_test;pathology_cin2plus;pathology_cin3plus;seed,2026-05-23 13:48:37,
prediction_files,outputs/publishable_v2/step2_main_loco/predictions/patient_level_predictions_all_models.csv,True,85365,case_id;patient_id;exam_id_or_oct_id;center_id;center_name;fold_id;held_out_center;split_role;seed;model_name;modality;pathology_cin2plus;pathology_cin3plus;prob_cin2plus;pred_t_youden;pred_t_safety95;pred_t_safety90;threshold_youden;threshold_safety95;threshold_safety90,2026-05-23 18:25:30,
prediction_files,outputs/publishable_v2/step2_main_loco/predictions/validation_predictions_all_models.csv,True,73890,case_id;patient_id;exam_id_or_oct_id;center_id;center_name;fold_id;held_out_center;split_role;seed;model_name;modality;pathology_cin2plus;pathology_cin3plus;prob_cin2plus;pred_t_youden;pred_t_safety95;pred_t_safety90;threshold_youden;threshold_safety95;threshold_safety90,2026-05-23 18:25:31,
prediction_files,outputs/publishable_v2/step2_main_loco/predictions/patient_level_predictions_hydra_full.csv,True,9485,case_id;patient_id;exam_id_or_oct_id;center_id;center_name;fold_id;held_out_center;split_role;seed;model_name;modality;pathology_cin2plus;pathology_cin3plus;prob_cin2plus;pred_t_youden;pred_t_safety95;pred_t_safety90;threshold_youden;threshold_safety95;threshold_safety90,2026-05-23 18:25:32,
prediction_files,outputs/publishable_v2/hydra_vlm_recovery/abl01_module_ablation/abl01_patient_predictions.csv,True,13279,patient_id;case_id;centre;centre_label;variant;score_cin2plus;cin2_label;cin3_label;selected_threshold;pred_positive,2026-05-25 20:52:38,
prediction_files,outputs/publishable_v2/hydra_vlm_recovery/abl04_vlm_backbone_ablation/abl04_patient_predictions.csv,True,5691,patient_id;centre;centre_label;backbone;cin2_label;cin3_label;score;fold,2026-05-25 20:53:02,
prediction_files,outputs/publishable_v2/hydra_vlm_recovery/loco01_hydra_vlm_loco/patient_level_predictions.csv,True,1897,patient_id;case_id;centre;centre_label;variant;score_cin2plus;cin2_label;cin3_label;selected_threshold;pred_positive,2026-05-25 20:51:51,
prediction_files,outputs/publishable_v2/hydra_vlm_recovery/loco01_hydra_vlm_loco/source_validation_predictions.csv,True,1521,fold;variant;score_cin2plus;cin2_label;cin3_label;selected_threshold,2026-05-25 20:51:51,
prediction_files,outputs/publishable_v2/hydra_vlm_recovery/vlm02_feature_quality/vlm_linear_probe_predictions.csv,True,9485,patient_id;fold_id;centre;centre_label;feature_type;cin2_label;cin3_label;score,2026-05-25 20:51:15,
prediction_files,outputs/publishable_v2/if_route_b_master/predictions/clinical_baselines_predictions.csv,True,7588,case_id;center_name;pathology_cin2plus;pathology_cin3plus;held_out_center;method;prob_cin2plus;pred_t_cin3_safety95;threshold_source_cin3_safety95,2026-05-25 16:03:42,
prediction_files,outputs/publishable_v2/if_route_b_master/predictions/simple_fusion_baselines_predictions.csv,True,7588,center_name;held_out_center;pathology_cin2plus;pathology_cin3plus;method;case_id;prob_cin2plus;pred_t_cin3_safety95,2026-05-25 16:03:48,
prediction_files,outputs/publishable_v2/if_route_b_master/predictions/unimodal_baselines_predictions.csv,True,3794,center_name;held_out_center;pathology_cin2plus;pathology_cin3plus;method;case_id;prob_cin2plus;pred_t_cin3_safety95,2026-05-25 16:03:48,
prediction_files,outputs/publishable_v2/image_level_0p8_recovery/predictions/image_level_loco_patient_predictions.csv,True,11382,case_id;patient_id;center_name;pathology_cin2plus;pathology_cin3plus;fold_id;track;selected_candidate;feature_set;prob_cin2plus;threshold_cin3_safety95;pred_cin3_safety95;uses_unlabelled_target_distribution;uses_reference_scores,2026-05-26 11:49:08,
prediction_files,outputs/publishable_v2/image_level_0p8_recovery/predictions/image_level_loco_patient_predictions_with_references.csv,True,17073,case_id;patient_id;center_name;pathology_cin2plus;pathology_cin3plus;fold_id;track;selected_candidate;feature_set;prob_cin2plus;threshold_cin3_safety95;pred_cin3_safety95;uses_unlabelled_target_distribution;uses_reference_scores,2026-05-26 11:49:08,
prediction_files,outputs/publishable_v2/results_section_internal_validation_figures/source_data/internal_validation_grouped_predictions.csv,True,14778,model_name;case_id;center_name;fold_id;held_out_center;pathology_cin2plus;prob_cin2plus;threshold_youden;threshold_safety95;threshold_safety90;model_display;center_display,2026-06-02 15:45:10,
prediction_files,outputs/publishable_v2/results_section_real_figures/source_data/Figure_Results_ROC_DCA_grouped_predictions.csv,True,13279,model_name;case_id;center_name;fold_id;pathology_cin2plus;prob_cin2plus;model_display,2026-06-02 14:51:11,
prediction_files,outputs/publishable_v2/step2_10_target_adaptation_final_if_decision/predictions/source_only_reference_predictions.csv,True,1897,case_id;center_name;fold_id;held_out_center;inner_validation_center;split_role;seed;pathology_cin2plus;pathology_cin3plus;prob_cin2plus;model_variant;model_family;dg_method;architecture;loss_config;threshold_cin3_safety95;threshold_joint;threshold_youden;pred_t_cin3_safety95;pred_t_joint,2026-05-25 10:09:45,
prediction_files,outputs/publishable_v2/step2_10_target_adaptation_final_if_decision/predictions/tta_candidate_inner_validation_predictions.csv,True,37940,case_id;center_name;fold_id;held_out_center;inner_validation_center;split_role;seed;pathology_cin2plus;pathology_cin3plus;prob_cin2plus;model_variant;model_family;dg_method;architecture;loss_config;method;adaptation_track;used_target_labels;used_target_features_without_labels,2026-05-25 10:09:49,
prediction_files,outputs/publishable_v2/step2_10_target_adaptation_final_if_decision/predictions/tta_candidate_predictions.csv,True,9485,case_id;center_name;fold_id;held_out_center;inner_validation_center;split_role;seed;pathology_cin2plus;pathology_cin3plus;prob_cin2plus;model_variant;model_family;dg_method;architecture;loss_config;threshold_cin3_safety95;threshold_joint;threshold_youden;pred_t_cin3_safety95;pred_t_joint,2026-05-25 10:09:48,
prediction_files,outputs/publishable_v2/step2_6_active_full_runner_recovery/predictions/active_hydra_minimal_predictions.csv,True,1897,case_id;center_name;fold_id;held_out_center;split_role;seed;model_variant;implementation_level;pathology_cin2plus;pathology_cin3plus;prob_cin2plus;pred_t_safety95;pred_t_safety90;pred_t_youden;threshold_safety95;threshold_safety90;threshold_youden;alpha_colposcopy;alpha_oct;alpha_semantic,2026-05-23 22:32:31,
prediction_files,outputs/publishable_v2/step2_6_active_full_runner_recovery/predictions/active_hydra_minimal_predictions_thresholds.csv,True,5,model_variant;seed;fold_id;threshold_safety95;threshold_safety90;threshold_youden;validation_auc;train_loss_initial;train_loss_final,2026-05-23 22:32:31,
prediction_files,outputs/publishable_v2/step2_6_active_full_runner_recovery/predictions/active_visual_baseline_predictions.csv,True,5691,case_id;center_name;fold_id;held_out_center;split_role;seed;model_variant;implementation_level;pathology_cin2plus;pathology_cin3plus;prob_cin2plus;pred_t_safety95;pred_t_safety90;pred_t_youden;threshold_safety95;threshold_safety90;threshold_youden,2026-05-23 22:31:12,
prediction_files,outputs/publishable_v2/step2_6_active_full_runner_recovery/predictions/active_visual_baseline_predictions_thresholds.csv,True,15,model_variant;seed;fold_id;threshold_safety95;threshold_safety90;threshold_youden;validation_auc;train_loss_initial;train_loss_final,2026-05-23 22:31:12,
prediction_files,outputs/publishable_v2/step2_8_auc_recovery_information_fusion/predictions/auc_safety_ensemble_predictions.csv,True,1897,case_id;center_name;fold_id;held_out_center;split_role;seed;pathology_cin2plus;pathology_cin3plus;prob_cin2plus;model_variant;model_family;loss_config;threshold_cin3_safety95;threshold_cin2_safety95;threshold_youden;threshold_joint;pred_t_cin3_safety95;pred_t_cin2_safety95,2026-05-24 16:56:45,
prediction_files,outputs/publishable_v2/step2_8_auc_recovery_information_fusion/predictions/fusion_first_pass_predictions.csv,True,11382,case_id;center_name;fold_id;held_out_center;split_role;seed;model_variant;model_family;loss_config;pathology_cin2plus;pathology_cin3plus;prob_cin2plus;threshold_youden;threshold_cin2_safety95;threshold_cin3_safety95;threshold_joint;pred_t_cin3_safety95;pred_t_cin2_safety95;pred_t_youden,2026-05-24 16:49:41,
prediction_files,outputs/publishable_v2/step2_8_auc_recovery_information_fusion/predictions/fusion_first_pass_validation_predictions.csv,True,9852,case_id;center_name;fold_id;held_out_center;split_role;seed;model_variant;model_family;loss_config;pathology_cin2plus;pathology_cin3plus;prob_cin2plus;threshold_youden;threshold_cin2_safety95;threshold_cin3_safety95;threshold_joint;pred_t_cin3_safety95;pred_t_cin2_safety95;pred_t_youden,2026-05-24 16:49:41,
prediction_files,outputs/publishable_v2/step2_8_auc_recovery_information_fusion/predictions/mil_visual_first_pass_predictions.csv,True,9485,case_id;center_name;fold_id;held_out_center;split_role;seed;model_variant;model_family;loss_config;pathology_cin2plus;pathology_cin3plus;prob_cin2plus;threshold_youden;threshold_cin2_safety95;threshold_cin3_safety95;threshold_joint;pred_t_cin3_safety95;pred_t_cin2_safety95;pred_t_youden,2026-05-24 16:49:09,
prediction_files,outputs/publishable_v2/step2_8_auc_recovery_information_fusion/predictions/mil_visual_first_pass_validation_predictions.csv,True,8210,case_id;center_name;fold_id;held_out_center;split_role;seed;model_variant;model_family;loss_config;pathology_cin2plus;pathology_cin3plus;prob_cin2plus;threshold_youden;threshold_cin2_safety95;threshold_cin3_safety95;threshold_joint;pred_t_cin3_safety95;pred_t_cin2_safety95;pred_t_youden,2026-05-24 16:49:09,
prediction_files,outputs/publishable_v2/step2_8_auc_recovery_information_fusion/predictions/top_model_loco_predictions.csv,True,28455,case_id;center_name;fold_id;held_out_center;split_role;seed;model_variant;model_family;loss_config;pathology_cin2plus;pathology_cin3plus;prob_cin2plus;threshold_youden;threshold_cin2_safety95;threshold_cin3_safety95;threshold_joint;pred_t_cin3_safety95;pred_t_cin2_safety95;pred_t_youden,2026-05-24 16:50:32,
prediction_files,outputs/publishable_v2/step2_8_auc_recovery_information_fusion/predictions/top_model_loco_validation_predictions.csv,True,24630,case_id;center_name;fold_id;held_out_center;split_role;seed;model_variant;model_family;loss_config;pathology_cin2plus;pathology_cin3plus;prob_cin2plus;threshold_youden;threshold_cin2_safety95;threshold_cin3_safety95;threshold_joint;pred_t_cin3_safety95;pred_t_cin2_safety95;pred_t_youden,2026-05-24 16:50:31,
prediction_files,outputs/publishable_v2/step2_9_domain_generalisation_recovery/predictions/centre_balanced_baseline_inner_validation_predictions.csv,True,30352,case_id;center_name;pathology_cin2plus;pathology_cin3plus;fold_id;held_out_center;inner_validation_center;split_role;seed;model_variant;model_family;dg_method;architecture;loss_config;prob_cin2plus;threshold_cin3_safety95;threshold_joint;threshold_youden;pred_t_cin3_safety95;pred_t_joint,2026-05-24 20:28:22,
prediction_files,outputs/publishable_v2/step2_9_domain_generalisation_recovery/predictions/centre_balanced_baseline_predictions.csv,True,7588,case_id;center_name;pathology_cin2plus;pathology_cin3plus;fold_id;held_out_center;inner_validation_center;split_role;seed;model_variant;model_family;dg_method;architecture;loss_config;prob_cin2plus;threshold_cin3_safety95;threshold_joint;threshold_youden;pred_t_cin3_safety95;pred_t_joint,2026-05-24 20:28:22,
prediction_files,outputs/publishable_v2/step2_9_domain_generalisation_recovery/predictions/dg_ensemble_predictions.csv,True,1897,case_id;center_name;fold_id;held_out_center;inner_validation_center;split_role;seed;pathology_cin2plus;pathology_cin3plus;prob_cin2plus;model_variant;model_family;dg_method;architecture;loss_config;threshold_cin3_safety95;threshold_joint;threshold_youden;pred_t_cin3_safety95;pred_t_joint,2026-05-24 20:33:20,
prediction_files,outputs/publishable_v2/step2_9_domain_generalisation_recovery/predictions/dg_first_pass_inner_validation_predictions.csv,True,75880,case_id;center_name;pathology_cin2plus;pathology_cin3plus;fold_id;held_out_center;inner_validation_center;split_role;seed;model_variant;model_family;dg_method;architecture;loss_config;prob_cin2plus;threshold_cin3_safety95;threshold_joint;threshold_youden;pred_t_cin3_safety95;pred_t_joint,2026-05-24 20:30:29,
prediction_files,outputs/publishable_v2/step2_9_domain_generalisation_recovery/predictions/dg_first_pass_predictions.csv,True,18970,case_id;center_name;pathology_cin2plus;pathology_cin3plus;fold_id;held_out_center;inner_validation_center;split_role;seed;model_variant;model_family;dg_method;architecture;loss_config;prob_cin2plus;threshold_cin3_safety95;threshold_joint;threshold_youden;pred_t_cin3_safety95;pred_t_joint,2026-05-24 20:30:29,
prediction_files,outputs/publishable_v2/step2_9_domain_generalisation_recovery/predictions/top_dg_model_loco_inner_validation_predictions.csv,True,91056,case_id;center_name;pathology_cin2plus;pathology_cin3plus;fold_id;held_out_center;inner_validation_center;split_role;seed;model_variant;model_family;dg_method;architecture;loss_config;prob_cin2plus;threshold_cin3_safety95;threshold_joint;threshold_youden;pred_t_cin3_safety95;pred_t_joint,2026-05-24 20:32:47,
prediction_files,outputs/publishable_v2/step2_9_domain_generalisation_recovery/predictions/top_dg_model_loco_predictions.csv,True,22764,case_id;center_name;pathology_cin2plus;pathology_cin3plus;fold_id;held_out_center;inner_validation_center;split_role;seed;model_variant;model_family;dg_method;architecture;loss_config;prob_cin2plus;threshold_cin3_safety95;threshold_joint;threshold_youden;pred_t_cin3_safety95;pred_t_joint,2026-05-24 20:32:47,
prediction_files,outputs/publishable_v2/vit_bert_lora_loco/predictions/vit_bert_lora_loco_patient_predictions.csv,True,1897,case_id;patient_id;center_name;pathology_cin2plus;pathology_cin3plus;prob_cin2plus;fold_id;held_out_center;inner_val_center;model;threshold_cin3_safety95;pred_cin3_safety95,2026-05-26 14:51:33,
prediction_files,outputs/publishable_v2/vit_bert_lora_loco/predictions/vit_bert_lora_loco_patient_predictions.partial.csv,True,1897,case_id;patient_id;center_name;pathology_cin2plus;pathology_cin3plus;prob_cin2plus;fold_id;held_out_center;inner_val_center;model;threshold_cin3_safety95;pred_cin3_safety95,2026-05-26 14:51:33,
prediction_files,outputs/publishable_v2/vit_bert_lora_loco/predictions/vit_bert_lora_loco_patient_predictions__vitbert_lora_full5_gpu.csv,True,1897,case_id;patient_id;center_name;pathology_cin2plus;pathology_cin3plus;prob_cin2plus;fold_id;held_out_center;inner_val_center;model;threshold_cin3_safety95;pred_cin3_safety95,2026-05-26 14:51:33,
prediction_files,outputs/publishable_v2/vit_bert_lora_loco/predictions/vit_bert_lora_loco_patient_predictions__vitbert_lora_full5_gpu.partial.csv,True,1897,case_id;patient_id;center_name;pathology_cin2plus;pathology_cin3plus;prob_cin2plus;fold_id;held_out_center;inner_val_center;model;threshold_cin3_safety95;pred_cin3_safety95,2026-05-26 14:51:33,
prediction_files,outputs/publishable_v2/vit_bert_lora_loco/predictions/vit_bert_lora_loco_patient_predictions__vitbert_lora_quick5_gpu.csv,True,1897,case_id;patient_id;center_name;pathology_cin2plus;pathology_cin3plus;prob_cin2plus;fold_id;held_out_center;inner_val_center;model;threshold_cin3_safety95;pred_cin3_safety95,2026-05-26 14:25:33,
feature_caches,outputs/publishable_v2/step2_main_loco/audit/step2_locked_feature_arrays.npz,True,9306788,,2026-05-23 17:31:58,
feature_caches,outputs/publishable_v2/audit/feature_cache_availability.csv,True,1897,case_id;oct_available_for_loader;colposcopy_available_for_loader;clinical_prior_buildable;vlm_cache_available;fallback_text,2026-05-23 13:48:39,
feature_caches,outputs/publishable_v2/audit/feature_cache_missing_cases.csv,True,0,case_id;oct_available_for_loader;colposcopy_available_for_loader;clinical_prior_buildable;vlm_cache_available;fallback_text,2026-05-23 13:48:39,
feature_caches,outputs/publishable_v2/hydra_vlm_recovery/vlm01_foldwise_lora/fold_Enshi/feature_manifest.csv,True,7,modality;feature_prefix;n_features;source_fit_only;explained_variance,2026-05-25 20:50:52,
feature_caches,outputs/publishable_v2/hydra_vlm_recovery/vlm01_foldwise_lora/fold_Enshi/source_features.parquet.csv,True,1491,patient_id;original_patient_id;case_id;centre;centre_label;fold_id;split_role;cin2_label;cin3_label;feature_source_type;lora_status;colpo_feature_000;colpo_feature_001;colpo_feature_002;colpo_feature_003;colpo_feature_004;colpo_feature_005;colpo_feature_006;colpo_feature_007;colpo_feature_008,2026-05-25 20:50:52,
feature_caches,outputs/publishable_v2/hydra_vlm_recovery/vlm01_foldwise_lora/fold_Enshi/target_features.parquet.csv,True,406,patient_id;original_patient_id;case_id;centre;centre_label;fold_id;split_role;cin2_label;cin3_label;feature_source_type;lora_status;colpo_feature_000;colpo_feature_001;colpo_feature_002;colpo_feature_003;colpo_feature_004;colpo_feature_005;colpo_feature_006;colpo_feature_007;colpo_feature_008,2026-05-25 20:50:52,
feature_caches,outputs/publishable_v2/hydra_vlm_recovery/vlm01_foldwise_lora/fold_Jingzhou/feature_manifest.csv,True,7,modality;feature_prefix;n_features;source_fit_only;explained_variance,2026-05-25 20:50:44,
feature_caches,outputs/publishable_v2/hydra_vlm_recovery/vlm01_foldwise_lora/fold_Jingzhou/source_features.parquet.csv,True,1491,patient_id;original_patient_id;case_id;centre;centre_label;fold_id;split_role;cin2_label;cin3_label;feature_source_type;lora_status;colpo_feature_000;colpo_feature_001;colpo_feature_002;colpo_feature_003;colpo_feature_004;colpo_feature_005;colpo_feature_006;colpo_feature_007;colpo_feature_008,2026-05-25 20:50:44,
feature_caches,outputs/publishable_v2/hydra_vlm_recovery/vlm01_foldwise_lora/fold_Jingzhou/target_features.parquet.csv,True,406,patient_id;original_patient_id;case_id;centre;centre_label;fold_id;split_role;cin2_label;cin3_label;feature_source_type;lora_status;colpo_feature_000;colpo_feature_001;colpo_feature_002;colpo_feature_003;colpo_feature_004;colpo_feature_005;colpo_feature_006;colpo_feature_007;colpo_feature_008,2026-05-25 20:50:44,
feature_caches,outputs/publishable_v2/hydra_vlm_recovery/vlm01_foldwise_lora/fold_Shiyan/feature_manifest.csv,True,7,modality;feature_prefix;n_features;source_fit_only;explained_variance,2026-05-25 20:50:48,
feature_caches,outputs/publishable_v2/hydra_vlm_recovery/vlm01_foldwise_lora/fold_Shiyan/source_features.parquet.csv,True,1401,patient_id;original_patient_id;case_id;centre;centre_label;fold_id;split_role;cin2_label;cin3_label;feature_source_type;lora_status;colpo_feature_000;colpo_feature_001;colpo_feature_002;colpo_feature_003;colpo_feature_004;colpo_feature_005;colpo_feature_006;colpo_feature_007;colpo_feature_008,2026-05-25 20:50:48,
feature_caches,outputs/publishable_v2/hydra_vlm_recovery/vlm01_foldwise_lora/fold_Shiyan/target_features.parquet.csv,True,496,patient_id;original_patient_id;case_id;centre;centre_label;fold_id;split_role;cin2_label;cin3_label;feature_source_type;lora_status;colpo_feature_000;colpo_feature_001;colpo_feature_002;colpo_feature_003;colpo_feature_004;colpo_feature_005;colpo_feature_006;colpo_feature_007;colpo_feature_008,2026-05-25 20:50:48,
feature_caches,outputs/publishable_v2/hydra_vlm_recovery/vlm01_foldwise_lora/fold_Wuhan/feature_manifest.csv,True,7,modality;feature_prefix;n_features;source_fit_only;explained_variance,2026-05-25 20:50:46,
feature_caches,outputs/publishable_v2/hydra_vlm_recovery/vlm01_foldwise_lora/fold_Wuhan/source_features.parquet.csv,True,1808,patient_id;original_patient_id;case_id;centre;centre_label;fold_id;split_role;cin2_label;cin3_label;feature_source_type;lora_status;colpo_feature_000;colpo_feature_001;colpo_feature_002;colpo_feature_003;colpo_feature_004;colpo_feature_005;colpo_feature_006;colpo_feature_007;colpo_feature_008,2026-05-25 20:50:46,
feature_caches,outputs/publishable_v2/hydra_vlm_recovery/vlm01_foldwise_lora/fold_Wuhan/target_features.parquet.csv,True,89,patient_id;original_patient_id;case_id;centre;centre_label;fold_id;split_role;cin2_label;cin3_label;feature_source_type;lora_status;colpo_feature_000;colpo_feature_001;colpo_feature_002;colpo_feature_003;colpo_feature_004;colpo_feature_005;colpo_feature_006;colpo_feature_007;colpo_feature_008,2026-05-25 20:50:46,
feature_caches,outputs/publishable_v2/hydra_vlm_recovery/vlm01_foldwise_lora/fold_Xiangyang/feature_manifest.csv,True,7,modality;feature_prefix;n_features;source_fit_only;explained_variance,2026-05-25 20:50:50,
feature_caches,outputs/publishable_v2/hydra_vlm_recovery/vlm01_foldwise_lora/fold_Xiangyang/source_features.parquet.csv,True,1397,patient_id;original_patient_id;case_id;centre;centre_label;fold_id;split_role;cin2_label;cin3_label;feature_source_type;lora_status;colpo_feature_000;colpo_feature_001;colpo_feature_002;colpo_feature_003;colpo_feature_004;colpo_feature_005;colpo_feature_006;colpo_feature_007;colpo_feature_008,2026-05-25 20:50:50,
feature_caches,outputs/publishable_v2/hydra_vlm_recovery/vlm01_foldwise_lora/fold_Xiangyang/target_features.parquet.csv,True,500,patient_id;original_patient_id;case_id;centre;centre_label;fold_id;split_role;cin2_label;cin3_label;feature_source_type;lora_status;colpo_feature_000;colpo_feature_001;colpo_feature_002;colpo_feature_003;colpo_feature_004;colpo_feature_005;colpo_feature_006;colpo_feature_007;colpo_feature_008,2026-05-25 20:50:50,
feature_caches,outputs/publishable_v2/hydra_vlm_recovery/vlm01_foldwise_lora/vlm01_feature_dimension_summary.csv,True,35,fold_id;modality;feature_prefix;n_features;source_fit_only;explained_variance,2026-05-25 20:50:52,
feature_caches,outputs/publishable_v2/hydra_vlm_recovery/vlm02_feature_quality/vlm_feature_quality_by_fold.csv,True,25,fold_id;held_out_centre;held_out_centre_label;feature_type;CIN2+ AUC;CIN3+ sensitivity;CIN3+ FN;specificity_at_threshold_CIN3;PPV_at_threshold_CIN3;NPV_at_threshold_CIN3;screen_positive_rate;ECE_CIN2;selected_threshold;CIN2+ AUC 95% CI,2026-05-25 20:51:12,
feature_caches,outputs/publishable_v2/hydra_vlm_recovery/vlm02_feature_quality/vlm_feature_quality_metrics.csv,True,5,feature_type;n;selected_global_eval_threshold;CIN2+ AUC;CIN2+ AUC 95% CI;CIN3+ sensitivity;CIN3+ FN;specificity_at_threshold_CIN3;PPV_at_threshold_CIN3;NPV_at_threshold_CIN3;screen_positive_rate;ECE_CIN2,2026-05-25 20:51:15,
feature_caches,outputs/publishable_v2/hydra_vlm_recovery/vlm02_feature_quality/vlm_mmd_matrix_by_feature_type.csv,True,125,feature_type;centre_a;centre_b;MMD,2026-05-25 20:51:33,
feature_caches,outputs/publishable_v2/hydra_vlm_recovery/vlm03_feature_package/vlm03_feature_package_summary.csv,True,5,fold;status;source_rows;target_rows;clinical_dim;colpo_dim;oct_dim;text_dim;combined_dim;issues,2026-05-25 20:51:42,
feature_caches,outputs/publishable_v2/if_route_b_master/statistics/centre_classifier_feature_importance.csv,True,34,feature_set;feature;importance_ratio,2026-05-25 16:02:53,
feature_caches,outputs/publishable_v2/if_route_b_master/statistics/umap_input_feature_manifest.csv,True,1897,case_id;feature_source;component_1;component_2;Centre;CIN2+ label,2026-05-25 16:03:16,
feature_caches,outputs/publishable_v2/if_route_b_submission_pack/source_csv/centre_classifier_feature_importance.csv,True,34,feature_set;feature;importance_ratio,2026-05-25 16:02:53,
feature_caches,outputs/publishable_v2/if_route_b_submission_pack/source_csv/umap_input_feature_manifest.csv,True,1897,case_id;feature_source;component_1;component_2;Centre;CIN2+ label,2026-05-25 16:03:16,
feature_caches,outputs/publishable_v2/step2_6_active_full_runner_recovery/manifests/raw_adapter_features_n1897.csv,True,1897,case_id;center_name;pathology_cin2plus;pathology_cin3plus;oct_num_bscans;colposcopy_num_images;oct_sampled_images;oct_width_mean;oct_width_std;oct_height_mean;oct_height_std;oct_mean_mean;oct_mean_std;oct_std_mean;oct_std_std;oct_contrast_mean;oct_contrast_std;oct_edge_mean;oct_edge_std;oct_file_size_mean,2026-05-23 22:27:24,
feature_caches,outputs/publishable_v2/step2_8_auc_recovery_information_fusion/manifests/multiscan_feature_table.csv,True,1897,case_id;center_name;pathology_cin2plus;pathology_cin3plus;oct_num_bscans;colposcopy_num_images;oct_sampled_images;oct_width_mean;oct_width_std;oct_height_mean;oct_height_std;oct_mean_mean;oct_mean_std;oct_std_mean;oct_std_std;oct_contrast_mean;oct_contrast_std;oct_edge_mean;oct_edge_std;oct_file_size_mean,2026-05-24 16:49:02,
checkpoints,outputs/publishable_v2/image_level_0p8_recovery/checkpoints,True,32,,2026-05-26 11:48:52,
checkpoints,outputs/publishable_v2/shared_lora_biocot/cached_985/runs/loco_十堰市人民医院/checkpoints,True,1,,2026-05-28 09:38:04,
checkpoints,outputs/publishable_v2/shared_lora_biocot/cached_985/runs/loco_恩施州中心医院/checkpoints,True,1,,2026-05-28 09:46:01,
checkpoints,outputs/publishable_v2/shared_lora_biocot/cached_985/runs/loco_荆州市第一人民医院/checkpoints,True,1,,2026-05-28 09:51:29,
checkpoints,outputs/publishable_v2/shared_lora_biocot/cached_985/runs/loco_襄阳市中心医院/checkpoints,True,1,,2026-05-28 09:58:53,
checkpoints,outputs/publishable_v2/shared_lora_biocot/cached_985/runs/official_external_148/checkpoints,True,1,,2026-05-28 09:24:18,
checkpoints,outputs/publishable_v2/shared_lora_biocot/formal_loco/folds/loco_十堰市人民医院/checkpoints,True,1,,2026-05-26 22:03:11,
checkpoints,outputs/publishable_v2/shared_lora_biocot/formal_loco/folds/loco_恩施州中心医院/checkpoints,True,1,,2026-05-26 23:02:58,
checkpoints,outputs/publishable_v2/shared_lora_biocot/formal_loco/folds/loco_武大人民医院/checkpoints,True,1,,2026-05-27 00:01:59,
checkpoints,outputs/publishable_v2/shared_lora_biocot/formal_loco/folds/loco_荆州市第一人民医院/checkpoints,True,1,,2026-05-27 01:13:30,
checkpoints,outputs/publishable_v2/shared_lora_biocot/formal_loco/folds/loco_襄阳市中心医院/checkpoints,True,1,,2026-05-27 01:59:52,
checkpoints,outputs/publishable_v2/shared_lora_biocot/formal_loco/pretrain_oct_text_expert/checkpoints,True,1,,2026-05-26 21:56:51,
checkpoints,outputs/publishable_v2/shared_lora_biocot/improved_1897/ablations/best/runs/loco_十堰市人民医院/checkpoints,True,1,,2026-05-30 14:41:34,
checkpoints,outputs/publishable_v2/shared_lora_biocot/improved_1897/ablations/best/runs/loco_恩施州中心医院/checkpoints,True,1,,2026-05-30 14:52:53,
checkpoints,outputs/publishable_v2/shared_lora_biocot/improved_1897/ablations/g0/runs/loco_十堰市人民医院/checkpoints,True,2,,2026-05-30 16:06:12,
checkpoints,outputs/publishable_v2/shared_lora_biocot/improved_1897/ablations/g0/runs/loco_恩施州中心医院/checkpoints,True,2,,2026-05-30 16:17:51,
checkpoints,outputs/publishable_v2/shared_lora_biocot/improved_1897/ablations/g0/runs/loco_武大人民医院/checkpoints,True,2,,2026-05-30 16:30:57,
checkpoints,outputs/publishable_v2/shared_lora_biocot/improved_1897/ablations/g0/runs/loco_荆州市第一人民医院/checkpoints,True,2,,2026-05-30 16:45:03,
checkpoints,outputs/publishable_v2/shared_lora_biocot/improved_1897/ablations/g0/runs/loco_襄阳市中心医院/checkpoints,True,2,,2026-05-30 16:56:44,
checkpoints,outputs/publishable_v2/shared_lora_biocot/improved_1897/ablations/g1/runs/loco_十堰市人民医院/checkpoints,True,1,,2026-05-30 12:34:02,
checkpoints,outputs/publishable_v2/shared_lora_biocot/improved_1897/ablations/g1/runs/loco_恩施州中心医院/checkpoints,True,1,,2026-05-30 12:45:38,
checkpoints,outputs/publishable_v2/shared_lora_biocot/improved_1897/ablations/g1/runs/loco_武大人民医院/checkpoints,True,1,,2026-05-30 12:57:14,
checkpoints,outputs/publishable_v2/shared_lora_biocot/improved_1897/ablations/g1/runs/loco_荆州市第一人民医院/checkpoints,True,1,,2026-05-30 13:12:10,
checkpoints,outputs/publishable_v2/shared_lora_biocot/improved_1897/ablations/g1/runs/loco_襄阳市中心医院/checkpoints,True,1,,2026-05-30 13:24:07,
checkpoints,outputs/publishable_v2/shared_lora_biocot/improved_1897/ablations/g2/runs/loco_十堰市人民医院/checkpoints,True,1,,2026-05-30 17:08:14,
checkpoints,outputs/publishable_v2/shared_lora_biocot/improved_1897/ablations/g2/runs/loco_恩施州中心医院/checkpoints,True,1,,2026-05-30 17:13:06,
checkpoints,outputs/publishable_v2/shared_lora_biocot/improved_1897/ablations/g2/runs/loco_武大人民医院/checkpoints,True,1,,2026-05-30 17:15:53,
checkpoints,outputs/publishable_v2/shared_lora_biocot/improved_1897/ablations/g2/runs/loco_荆州市第一人民医院/checkpoints,True,1,,2026-05-30 17:19:43,
checkpoints,outputs/publishable_v2/shared_lora_biocot/improved_1897/ablations/g2/runs/loco_襄阳市中心医院/checkpoints,True,1,,2026-05-30 17:22:31,
checkpoints,outputs/publishable_v2/shared_lora_biocot/improved_1897/ablations/g3/runs/loco_十堰市人民医院/checkpoints,True,1,,2026-05-30 17:25:35,
checkpoints,outputs/publishable_v2/shared_lora_biocot/improved_1897/ablations/g3/runs/loco_恩施州中心医院/checkpoints,True,1,,2026-05-30 17:36:16,
checkpoints,outputs/publishable_v2/shared_lora_biocot/improved_1897/ablations/g3/runs/loco_武大人民医院/checkpoints,True,1,,2026-05-30 17:47:33,
checkpoints,outputs/publishable_v2/shared_lora_biocot/improved_1897/ablations/g3/runs/loco_荆州市第一人民医院/checkpoints,True,1,,2026-05-30 18:00:40,
checkpoints,outputs/publishable_v2/shared_lora_biocot/improved_1897/ablations/g3/runs/loco_襄阳市中心医院/checkpoints,True,1,,2026-05-30 18:12:12,
checkpoints,outputs/publishable_v2/shared_lora_biocot/improved_1897/ablations/g4/runs/loco_十堰市人民医院/checkpoints,True,1,,2026-05-30 13:35:36,
checkpoints,outputs/publishable_v2/shared_lora_biocot/improved_1897/ablations/g4/runs/loco_恩施州中心医院/checkpoints,True,1,,2026-05-30 13:48:38,
checkpoints,outputs/publishable_v2/shared_lora_biocot/improved_1897/ablations/g4/runs/loco_武大人民医院/checkpoints,True,1,,2026-05-30 14:01:45,
checkpoints,outputs/publishable_v2/shared_lora_biocot/improved_1897/ablations/g4/runs/loco_荆州市第一人民医院/checkpoints,True,1,,2026-05-30 14:16:31,
checkpoints,outputs/publishable_v2/shared_lora_biocot/improved_1897/ablations/g4/runs/loco_襄阳市中心医院/checkpoints,True,1,,2026-05-30 14:29:45,
checkpoints,outputs/publishable_v2/shared_lora_biocot/improved_1897/ablations/no_align/runs/loco_十堰市人民医院/checkpoints,True,1,,2026-05-30 18:23:54,
checkpoints,outputs/publishable_v2/shared_lora_biocot/improved_1897/ablations/no_align/runs/loco_恩施州中心医院/checkpoints,True,1,,2026-05-30 18:34:29,
checkpoints,outputs/publishable_v2/shared_lora_biocot/improved_1897/ablations/no_align/runs/loco_武大人民医院/checkpoints,True,1,,2026-05-30 18:46:42,
checkpoints,outputs/publishable_v2/shared_lora_biocot/improved_1897/ablations/no_align/runs/loco_荆州市第一人民医院/checkpoints,True,1,,2026-05-30 19:02:30,
checkpoints,outputs/publishable_v2/shared_lora_biocot/improved_1897/ablations/no_align/runs/loco_襄阳市中心医院/checkpoints,True,1,,2026-05-30 19:13:50,
checkpoints,outputs/publishable_v2/shared_lora_biocot/improved_1897/ablations/no_bridge/runs/loco_十堰市人民医院/checkpoints,True,1,,2026-05-30 19:36:44,
checkpoints,outputs/publishable_v2/shared_lora_biocot/improved_1897/ablations/no_bridge/runs/loco_恩施州中心医院/checkpoints,True,1,,2026-05-30 19:47:00,
checkpoints,outputs/publishable_v2/shared_lora_biocot/improved_1897/ablations/no_bridge/runs/loco_武大人民医院/checkpoints,True,1,,2026-05-30 19:58:14,
checkpoints,outputs/publishable_v2/shared_lora_biocot/improved_1897/ablations/no_bridge/runs/loco_荆州市第一人民医院/checkpoints,True,1,,2026-05-30 20:10:54,
checkpoints,outputs/publishable_v2/shared_lora_biocot/improved_1897/ablations/no_bridge/runs/loco_襄阳市中心医院/checkpoints,True,1,,2026-05-30 20:22:02,
checkpoints,outputs/publishable_v2/shared_lora_biocot/improved_1897/ablations/no_bridge_module/runs/loco_十堰市人民医院/checkpoints,True,1,,2026-05-31 01:38:46,
checkpoints,outputs/publishable_v2/shared_lora_biocot/improved_1897/ablations/no_bridge_module/runs/loco_恩施州中心医院/checkpoints,True,1,,2026-05-31 01:42:31,
checkpoints,outputs/publishable_v2/shared_lora_biocot/improved_1897/ablations/no_bridge_module/runs/loco_武大人民医院/checkpoints,True,1,,2026-05-31 01:45:55,
checkpoints,outputs/publishable_v2/shared_lora_biocot/improved_1897/ablations/no_bridge_module/runs/loco_荆州市第一人民医院/checkpoints,True,1,,2026-05-31 01:49:32,
checkpoints,outputs/publishable_v2/shared_lora_biocot/improved_1897/ablations/no_bridge_module/runs/loco_襄阳市中心医院/checkpoints,True,1,,2026-05-31 01:53:13,
checkpoints,outputs/publishable_v2/shared_lora_biocot/improved_1897/ablations/no_center_reliability/runs/loco_十堰市人民医院/checkpoints,True,1,,2026-05-31 11:15:03,
checkpoints,outputs/publishable_v2/shared_lora_biocot/improved_1897/ablations/no_center_reliability/runs/loco_恩施州中心医院/checkpoints,True,1,,2026-05-31 11:26:27,
checkpoints,outputs/publishable_v2/shared_lora_biocot/improved_1897/ablations/no_center_reliability/runs/loco_武大人民医院/checkpoints,True,1,,2026-05-31 11:38:26,
checkpoints,outputs/publishable_v2/shared_lora_biocot/improved_1897/ablations/no_center_reliability/runs/loco_荆州市第一人民医院/checkpoints,True,1,,2026-05-31 11:53:04,
checkpoints,outputs/publishable_v2/shared_lora_biocot/improved_1897/ablations/no_center_reliability/runs/loco_襄阳市中心医院/checkpoints,True,1,,2026-05-31 12:05:10,
checkpoints,outputs/publishable_v2/shared_lora_biocot/improved_1897/ablations/no_coe/runs/loco_十堰市人民医院/checkpoints,True,1,,2026-05-30 20:35:19,
checkpoints,outputs/publishable_v2/shared_lora_biocot/improved_1897/ablations/no_coe/runs/loco_恩施州中心医院/checkpoints,True,1,,2026-05-30 20:45:47,
checkpoints,outputs/publishable_v2/shared_lora_biocot/improved_1897/ablations/no_coe/runs/loco_武大人民医院/checkpoints,True,1,,2026-05-30 20:56:53,
checkpoints,outputs/publishable_v2/shared_lora_biocot/improved_1897/ablations/no_coe/runs/loco_荆州市第一人民医院/checkpoints,True,1,,2026-05-30 21:10:27,
checkpoints,outputs/publishable_v2/shared_lora_biocot/improved_1897/ablations/no_coe/runs/loco_襄阳市中心医院/checkpoints,True,1,,2026-05-30 21:21:40,
checkpoints,outputs/publishable_v2/shared_lora_biocot/improved_1897/ablations/no_consist/runs/loco_十堰市人民医院/checkpoints,True,1,,2026-05-30 21:32:33,
checkpoints,outputs/publishable_v2/shared_lora_biocot/improved_1897/ablations/no_consist/runs/loco_恩施州中心医院/checkpoints,True,1,,2026-05-30 21:43:09,
checkpoints,outputs/publishable_v2/shared_lora_biocot/improved_1897/ablations/no_consist/runs/loco_武大人民医院/checkpoints,True,1,,2026-05-30 21:54:02,
checkpoints,outputs/publishable_v2/shared_lora_biocot/improved_1897/ablations/no_consist/runs/loco_荆州市第一人民医院/checkpoints,True,1,,2026-05-30 22:07:34,
checkpoints,outputs/publishable_v2/shared_lora_biocot/improved_1897/ablations/no_consist/runs/loco_襄阳市中心医院/checkpoints,True,1,,2026-05-30 22:18:19,
checkpoints,outputs/publishable_v2/shared_lora_biocot/improved_1897/ablations/no_cross_attn/runs/loco_十堰市人民医院/checkpoints,True,1,,2026-05-31 01:19:50,
checkpoints,outputs/publishable_v2/shared_lora_biocot/improved_1897/ablations/no_cross_attn/runs/loco_恩施州中心医院/checkpoints,True,1,,2026-05-31 01:23:34,
checkpoints,outputs/publishable_v2/shared_lora_biocot/improved_1897/ablations/no_cross_attn/runs/loco_武大人民医院/checkpoints,True,1,,2026-05-31 01:27:25,
checkpoints,outputs/publishable_v2/shared_lora_biocot/improved_1897/ablations/no_cross_attn/runs/loco_荆州市第一人民医院/checkpoints,True,1,,2026-05-31 01:31:30,
checkpoints,outputs/publishable_v2/shared_lora_biocot/improved_1897/ablations/no_cross_attn/runs/loco_襄阳市中心医院/checkpoints,True,1,,2026-05-31 01:35:13,
checkpoints,outputs/publishable_v2/shared_lora_biocot/improved_1897/ablations/no_modality_likelihood/runs/loco_十堰市人民医院/checkpoints,True,1,,2026-05-31 00:21:45,
checkpoints,outputs/publishable_v2/shared_lora_biocot/improved_1897/ablations/no_modality_likelihood/runs/loco_恩施州中心医院/checkpoints,True,1,,2026-05-31 00:32:09,
checkpoints,outputs/publishable_v2/shared_lora_biocot/improved_1897/ablations/no_modality_likelihood/runs/loco_武大人民医院/checkpoints,True,1,,2026-05-31 00:44:13,
checkpoints,outputs/publishable_v2/shared_lora_biocot/improved_1897/ablations/no_modality_likelihood/runs/loco_荆州市第一人民医院/checkpoints,True,1,,2026-05-31 00:57:40,
checkpoints,outputs/publishable_v2/shared_lora_biocot/improved_1897/ablations/no_modality_likelihood/runs/loco_襄阳市中心医院/checkpoints,True,1,,2026-05-31 01:09:43,
checkpoints,outputs/publishable_v2/shared_lora_biocot/improved_1897/ablations/no_ot/runs/loco_十堰市人民医院/checkpoints,True,1,,2026-05-30 19:24:14,
checkpoints,outputs/publishable_v2/shared_lora_biocot/improved_1897/ablations/no_ot/runs/loco_恩施州中心医院/checkpoints,True,1,,2026-05-30 19:26:36,
checkpoints,outputs/publishable_v2/shared_lora_biocot/improved_1897/ablations/no_ot/runs/loco_武大人民医院/checkpoints,True,1,,2026-05-30 19:29:08,
checkpoints,outputs/publishable_v2/shared_lora_biocot/improved_1897/ablations/no_ot/runs/loco_荆州市第一人民医院/checkpoints,True,1,,2026-05-30 19:31:37,
checkpoints,outputs/publishable_v2/shared_lora_biocot/improved_1897/ablations/no_ot/runs/loco_襄阳市中心医院/checkpoints,True,1,,2026-05-30 19:34:12,
checkpoints,outputs/publishable_v2/shared_lora_biocot/improved_1897/ablations/no_posterior/runs/loco_十堰市人民医院/checkpoints,True,1,,2026-05-30 22:28:59,
checkpoints,outputs/publishable_v2/shared_lora_biocot/improved_1897/ablations/no_posterior/runs/loco_恩施州中心医院/checkpoints,True,1,,2026-05-30 22:39:26,
checkpoints,outputs/publishable_v2/shared_lora_biocot/improved_1897/ablations/no_posterior/runs/loco_武大人民医院/checkpoints,True,1,,2026-05-30 22:51:16,
checkpoints,outputs/publishable_v2/shared_lora_biocot/improved_1897/ablations/no_posterior/runs/loco_荆州市第一人民医院/checkpoints,True,1,,2026-05-30 23:04:07,
checkpoints,outputs/publishable_v2/shared_lora_biocot/improved_1897/ablations/no_posterior/runs/loco_襄阳市中心医院/checkpoints,True,1,,2026-05-30 23:15:11,
checkpoints,outputs/publishable_v2/shared_lora_biocot/improved_1897/ablations/no_variational/runs/loco_十堰市人民医院/checkpoints,True,1,,2026-05-30 23:26:07,
checkpoints,outputs/publishable_v2/shared_lora_biocot/improved_1897/ablations/no_variational/runs/loco_恩施州中心医院/checkpoints,True,1,,2026-05-30 23:36:32,
checkpoints,outputs/publishable_v2/shared_lora_biocot/improved_1897/ablations/no_variational/runs/loco_武大人民医院/checkpoints,True,1,,2026-05-30 23:47:40,
checkpoints,outputs/publishable_v2/shared_lora_biocot/improved_1897/ablations/no_variational/runs/loco_荆州市第一人民医院/checkpoints,True,1,,2026-05-31 00:00:20,
checkpoints,outputs/publishable_v2/shared_lora_biocot/improved_1897/ablations/no_variational/runs/loco_襄阳市中心医院/checkpoints,True,1,,2026-05-31 00:11:18,
checkpoints,outputs/publishable_v2/shared_lora_biocot/improved_1897/final_production_100ep/runs/loco_十堰市人民医院/checkpoints,True,1,,2026-05-31 12:20:20,
checkpoints,outputs/publishable_v2/shared_lora_biocot/improved_1897/final_production_100ep/runs/loco_恩施州中心医院/checkpoints,True,1,,2026-05-31 12:30:21,
checkpoints,outputs/publishable_v2/shared_lora_biocot/improved_1897/final_production_100ep/runs/loco_武大人民医院/checkpoints,True,1,,2026-05-31 12:40:54,
checkpoints,outputs/publishable_v2/shared_lora_biocot/improved_1897/final_production_100ep/runs/loco_荆州市第一人民医院/checkpoints,True,1,,2026-05-31 12:53:42,
checkpoints,outputs/publishable_v2/shared_lora_biocot/improved_1897/final_production_100ep/runs/loco_襄阳市中心医院/checkpoints,True,1,,2026-05-31 13:05:25,
checkpoints,outputs/publishable_v2/shared_lora_biocot/improved_1897/hardcenter_val_comparison/g2_hardcenter_val/ablations/g2/runs/loco_十堰市人民医院/checkpoints,True,1,,2026-05-31 12:50:41,
checkpoints,outputs/publishable_v2/shared_lora_biocot/improved_1897/hardcenter_val_comparison/g2_hardcenter_val/ablations/g2/runs/loco_恩施州中心医院/checkpoints,True,1,,2026-05-31 12:53:38,
checkpoints,outputs/publishable_v2/shared_lora_biocot/improved_1897/hardcenter_val_comparison/g2_hardcenter_val/ablations/g2/runs/loco_武大人民医院/checkpoints,True,1,,2026-05-31 12:56:18,
checkpoints,outputs/publishable_v2/shared_lora_biocot/improved_1897/hardcenter_val_comparison/g2_hardcenter_val/ablations/g2/runs/loco_荆州市第一人民医院/checkpoints,True,1,,2026-05-31 12:59:31,
checkpoints,outputs/publishable_v2/shared_lora_biocot/improved_1897/hardcenter_val_comparison/g2_hardcenter_val/ablations/g2/runs/loco_襄阳市中心医院/checkpoints,True,1,,2026-05-31 13:02:03,
checkpoints,outputs/publishable_v2/shared_lora_biocot/loco/checkpoints,True,0,,2026-05-28 09:23:21,
checkpoints,outputs/publishable_v2/shared_lora_biocot/optimized_retfound_hardval/folds/loco_十堰市人民医院/checkpoints,True,1,,2026-05-27 11:12:14,
checkpoints,outputs/publishable_v2/shared_lora_biocot/optimized_retfound_hardval/folds/loco_恩施州中心医院/checkpoints,True,1,,2026-05-27 14:22:16,
checkpoints,outputs/publishable_v2/shared_lora_biocot/optimized_retfound_hardval/folds/loco_武大人民医院/checkpoints,True,1,,2026-05-27 17:38:42,
checkpoints,outputs/publishable_v2/shared_lora_biocot/optimized_retfound_hardval/folds/loco_荆州市第一人民医院/checkpoints,True,0,,2026-05-27 21:36:33,
checkpoints,outputs/publishable_v2/shared_lora_biocot/optimized_retfound_hardval/pretrain_oct_text_expert/checkpoints,True,1,,2026-05-27 10:39:38,
checkpoints,outputs/publishable_v2/shared_lora_biocot/smoke/checkpoints,True,2,,2026-05-26 17:09:30,
checkpoints,outputs/publishable_v2/step2_5_full_hydra_vlm_recovery/aux_oct_pretraining/checkpoints,True,1,,2026-05-23 19:43:39,
checkpoints,outputs/publishable_v2/step2_5_full_hydra_vlm_recovery/oct_vlm_alignment/checkpoints,True,1,,2026-05-23 19:43:42,
checkpoints,outputs/publishable_v2/step2_9_domain_generalisation_recovery/checkpoints,True,4,,2026-05-24 20:32:47,
checkpoints,outputs/publishable_v2/step2_main_loco/checkpoints,True,234,,2026-05-23 17:49:29,
checkpoints,outputs/publishable_v2/step2_main_loco/checkpoints/BioMedCLIP_Finetuned,True,25,,2026-05-23 17:49:15,
checkpoints,outputs/publishable_v2/step2_main_loco/checkpoints/ClinicalOnly_Logistic,True,25,,2026-05-23 17:32:54,
checkpoints,outputs/publishable_v2/step2_main_loco/checkpoints/ClinicalOnly_XGBoost,True,25,,2026-05-23 17:34:13,
checkpoints,outputs/publishable_v2/step2_main_loco/checkpoints/ColposcopyOCTText_CrossAttention,True,25,,2026-05-23 17:47:17,
checkpoints,outputs/publishable_v2/step2_main_loco/checkpoints/ColposcopyOCT_EarlyConcat,True,25,,2026-05-23 17:40:56,
scripts,scripts/compute_pvalues_sota.py,True,8570,,2026-05-21 14:25:59,
scripts,scripts/figures/plot_step2_main_loco_figures.py,True,10321,,2026-05-23 17:30:42,
scripts,scripts/finalize_step2_main_loco_outputs.py,True,15680,,2026-05-23 18:33:36,
scripts,scripts/generate_internal_validation_result_figures.py,True,47233,,2026-06-02 15:44:55,
scripts,scripts/generate_results_section_figures.py,True,28309,,2026-06-02 14:51:00,
scripts,scripts/hydra_vlm_if_next/run_m00_m01.py,True,26463,,2026-05-25 18:45:46,
scripts,scripts/hydra_vlm_recovery/00_common.py,True,20278,,2026-05-25 20:35:46,
scripts,scripts/hydra_vlm_recovery/abl01_module_ablation.py,True,5065,,2026-05-25 20:36:52,
scripts,scripts/hydra_vlm_recovery/abl04_vlm_backbone_ablation.py,True,5832,,2026-05-25 20:44:29,
scripts,scripts/hydra_vlm_recovery/coe01_decoder_verification.py,True,4836,,2026-05-25 20:45:01,
scripts,scripts/hydra_vlm_recovery/loco01_hydra_vlm_loco.py,True,5421,,2026-05-25 20:36:19,
scripts,scripts/hydra_vlm_recovery/p00_protocol_lock.py,True,5398,,2026-05-25 20:32:21,
scripts,scripts/hydra_vlm_recovery/r01_update_claim_lock.py,True,7491,,2026-05-25 20:45:46,
scripts,scripts/hydra_vlm_recovery/run_hydra_vlm_recovery.py,True,5477,,2026-05-25 20:46:22,
scripts,scripts/hydra_vlm_recovery/vlm01_foldwise_lora.py,True,10325,,2026-05-25 20:33:31,
scripts,scripts/hydra_vlm_recovery/vlm02_feature_quality.py,True,10509,,2026-05-25 20:49:33,
scripts,scripts/hydra_vlm_recovery/vlm03_feature_package.py,True,5505,,2026-05-25 20:35:07,
scripts,scripts/if_route_b_master/00_common.py,True,21938,,2026-05-25 15:56:49,
scripts,scripts/if_route_b_master/01_g00_audit.py,True,20534,,2026-05-25 15:06:43,
scripts,scripts/if_route_b_master/02_core_tables.py,True,12859,,2026-05-25 15:44:08,
scripts,scripts/if_route_b_master/03_domain_shift_analysis.py,True,18051,,2026-05-25 15:39:44,
scripts,scripts/if_route_b_master/04_tta_boundary_analysis.py,True,8703,,2026-05-25 15:05:33,
scripts,scripts/if_route_b_master/05_failure_centre_analysis.py,True,12227,,2026-05-25 15:44:35,
scripts,scripts/if_route_b_master/06_baseline_ladder.py,True,11214,,2026-05-25 15:07:07,
scripts,scripts/if_route_b_master/07_clinical_evaluation.py,True,7552,,2026-05-25 15:06:19,
scripts,scripts/if_route_b_master/08_coe_and_writing_outputs.py,True,11841,,2026-05-25 12:16:06,
scripts,scripts/if_route_b_master/run_all_if_route_b.py,True,7260,,2026-05-25 12:21:07,
scripts,scripts/if_route_b_remaining/run_remaining_steps.py,True,41578,,2026-05-25 16:09:42,
scripts,scripts/if_routeb_submission_final/finalize_if_submission_completion.py,True,30783,,2026-05-26 08:57:21,
scripts,scripts/if_routeb_submission_final/run_if_submission_next_pack.py,True,44986,,2026-05-25 21:50:04,
scripts,scripts/if_supplementary/evaluate_same_backbone_fusion_baselines.py,True,607,,2026-06-02 16:22:27,
scripts,scripts/if_supplementary/run_all_if_supplementary_experiments.py,True,157009,,2026-06-02 16:39:32,
scripts,scripts/if_supplementary/train_same_backbone_fusion_baselines.py,True,1379,,2026-06-02 16:22:27,
scripts,scripts/image_level_recovery/run_image_level_loco_recovery.py,True,60055,,2026-05-26 11:52:28,
scripts,scripts/image_level_recovery/run_vit_bert_lora_loco.py,True,29539,,2026-05-26 14:59:27,
scripts,scripts/run_pytest_fallback.py,True,1344,,2026-05-23 18:47:51,
scripts,scripts/run_step2_10_target_adaptation_if_decision.py,True,573,,2026-05-25 10:06:18,
scripts,scripts/run_step2_5_full_hydra_vlm_recovery.py,True,706,,2026-05-23 19:40:23,
scripts,scripts/run_step2_6_active_full_runner_recovery.py,True,364,,2026-05-23 22:19:02,
scripts,scripts/run_step2_8_auc_recovery_ifusion.py,True,572,,2026-05-24 16:45:26,
scripts,scripts/run_step2_9_domain_generalisation_recovery.py,True,572,,2026-05-24 20:26:53,
scripts,scripts/run_step2_main_loco_experiment.py,True,44451,,2026-05-23 18:41:52,
scripts,scripts/sanity/sanity_biocot_shared_lora_dummy.py,True,3834,,2026-05-26 16:42:50,
scripts,scripts/shared_lora_biocot/apply_ablation_pruning.py,True,9821,,2026-06-01 10:53:16,
scripts,scripts/shared_lora_biocot/build_985_splits.py,True,9716,,2026-06-01 10:53:16,
scripts,scripts/shared_lora_biocot/build_final_experiment_tables.py,True,5856,,2026-06-01 10:53:17,
scripts,scripts/shared_lora_biocot/diagnose_loco_splits.py,True,17461,,2026-06-01 10:53:17,
scripts,scripts/shared_lora_biocot/run_1897_final_production.py,True,7002,,2026-06-01 10:53:17,
scripts,scripts/shared_lora_biocot/run_1897_hardcenter_val_comparison.py,True,11620,,2026-06-01 10:53:17,
scripts,scripts/shared_lora_biocot/run_1897_improved_loco.py,True,27503,,2026-06-01 10:53:17,
scripts,scripts/shared_lora_biocot/run_985_cached_lora.py,True,21085,,2026-06-01 10:53:17,
scripts,scripts/shared_lora_biocot/run_formal_loco.py,True,41132,,2026-06-01 10:53:17,
scripts,scripts/shared_lora_biocot/summarize_1897_ablation.py,True,6604,,2026-06-01 10:53:17,
scripts,scripts/shared_lora_biocot/tabulate.py,True,2303,,2026-05-27 01:44:24,
scripts,scripts/step2_10/00_verify_step2_9_outputs.py,True,305,,2026-05-25 10:06:18,
scripts,scripts/step2_10/01_prepare_unlabelled_target_centre_sets.py,True,321,,2026-05-25 10:06:18,
scripts,scripts/step2_10/02_fit_source_only_reference.py,True,400,,2026-05-25 10:06:18,
scripts,scripts/step2_10/03_run_unlabelled_target_adaptation.py,True,414,,2026-05-25 10:06:18,
scripts,scripts/step2_10/04_evaluate_tta_and_safety.py,True,307,,2026-05-25 10:06:18,
scripts,scripts/step2_10/05_analyse_hardest_centre_failures.py,True,323,,2026-05-25 10:06:18,
scripts,scripts/step2_10/06_compare_inductive_vs_tta_tracks.py,True,323,,2026-05-25 10:06:18,
scripts,scripts/step2_10/07_generate_final_if_tables.py,True,309,,2026-05-25 10:06:18,
scripts,scripts/step2_10/08_plot_final_if_figures.py,True,303,,2026-05-25 10:06:18,
scripts,scripts/step2_10/09_generate_final_if_decision_package.py,True,329,,2026-05-25 10:06:18,
scripts,scripts/step2_10/common.py,True,46312,,2026-05-25 10:14:08,
scripts,scripts/step2_5/00_inventory_auxiliary_oct_centres.py,True,322,,2026-05-23 19:40:23,
scripts,scripts/step2_5/01_pretrain_oct_encoder_auxiliary.py,True,405,,2026-05-23 19:40:23,
scripts,scripts/step2_5/02_build_oct_vlm_alignment_pairs.py,True,334,,2026-05-23 19:40:23,
scripts,scripts/step2_5/03_train_oct_vlm_semantic_alignment.py,True,411,,2026-05-23 19:40:23,
scripts,scripts/step2_5/04_locate_full_hydra_codepaths.py,True,406,,2026-05-23 19:40:23,
scripts,scripts/step2_5/05_restore_full_hydra_model.py,True,175,,2026-05-23 19:40:23,
scripts,scripts/step2_5/06_run_full_hydra_n1897_loco.py,True,469,,2026-05-23 19:40:23,
scripts,scripts/step2_5/07_run_protocol_implementation_attribution.py,True,354,,2026-05-23 19:40:23,
scripts,scripts/step2_5/08_run_full_module_ablation.py,True,385,,2026-05-23 19:40:23,
scripts,scripts/step2_5/09_collect_step2_5_results.py,True,322,,2026-05-23 19:40:23,
scripts,scripts/step2_5/10_plot_step2_5_figures.py,True,394,,2026-05-23 19:40:23,
scripts,scripts/step2_5/__init__.py,True,42,,2026-05-23 19:40:23,
scripts,scripts/step2_5/common.py,True,67820,,2026-05-23 19:45:59,
scripts,scripts/step2_6/00_reaudit_endpoint_and_centre_distribution.py,True,450,,2026-05-23 22:19:02,
scripts,scripts/step2_6/01_build_raw_image_manifest_n1897.py,True,374,,2026-05-23 22:19:02,
scripts,scripts/step2_6/02_smoke_test_n1897_dataloader.py,True,458,,2026-05-23 22:19:02,
scripts,scripts/step2_6/03_train_active_visual_baselines.py,True,407,,2026-05-23 22:19:02,
scripts,scripts/step2_6/04_train_active_visual_baselines_with_aux_init.py,True,674,,2026-05-23 22:19:02,
scripts,scripts/step2_6/05_train_active_hydra_minimal.py,True,401,,2026-05-23 22:19:02,
scripts,scripts/step2_6/06_train_active_hydra_full.py,True,395,,2026-05-23 22:19:02,
scripts,scripts/step2_6/07_overfit_and_numerical_sanity_checks.py,True,296,,2026-05-23 22:19:02,
scripts,scripts/step2_6/08_plot_step2_6_figures.py,True,362,,2026-05-23 22:19:02,
scripts,scripts/step2_6/__init__.py,True,52,,2026-05-23 22:19:02,
scripts,scripts/step2_6/common.py,True,62663,,2026-05-23 22:31:01,
scripts,scripts/step2_8/00_verify_inputs_and_previous_outputs.py,True,287,,2026-05-24 16:45:26,
scripts,scripts/step2_8/01_build_multiscan_multiview_dataset.py,True,307,,2026-05-24 16:45:26,
scripts,scripts/step2_8/02_train_mil_visual_representations.py,True,382,,2026-05-24 16:45:26,
scripts,scripts/step2_8/03_train_auc_oriented_fusion_models.py,True,374,,2026-05-24 16:45:26,
scripts,scripts/step2_8/04_hyperparameter_search_validation_only.py,True,295,,2026-05-24 16:45:26,
scripts,scripts/step2_8/05_rerun_top_models_full_loco.py,True,512,,2026-05-24 16:45:26,
scripts,scripts/step2_8/06_build_auc_safety_ensembles.py,True,291,,2026-05-24 16:45:26,
scripts,scripts/step2_8/07_evaluate_auc_recovery.py,True,303,,2026-05-24 16:45:26,
scripts,scripts/step2_8/08_generate_ifusion_tables.py,True,291,,2026-05-24 16:45:26,
scripts,scripts/step2_8/09_plot_ifusion_figures.py,True,285,,2026-05-24 16:45:26,
scripts,scripts/step2_8/10_generate_information_fusion_manuscript_package.py,True,315,,2026-05-24 16:45:26,
scripts,scripts/step2_8/common.py,True,72220,,2026-05-24 17:00:49,
scripts,scripts/step2_9/00_summarise_step2_8_failure_modes.py,True,311,,2026-05-24 20:26:53,
scripts,scripts/step2_9/01_measure_centre_domain_shift.py,True,301,,2026-05-24 20:26:53,
scripts,scripts/step2_9/02_build_inner_centre_validation_splits.py,True,311,,2026-05-24 20:26:53,
scripts,scripts/step2_9/03_train_centre_balanced_baselines.py,True,412,,2026-05-24 20:26:53,
scripts,scripts/step2_9/04_train_domain_generalisation_models.py,True,418,,2026-05-24 20:26:53,
scripts,scripts/step2_9/05_select_models_by_inner_centre_validation.py,True,327,,2026-05-24 20:26:53,
scripts,scripts/step2_9/06_rerun_top_dg_models_full_loco.py,True,519,,2026-05-24 20:26:53,
scripts,scripts/step2_9/07_build_dg_ensembles_validation_only.py,True,297,,2026-05-24 20:26:53,
scripts,scripts/step2_9/08_evaluate_domain_generalisation_recovery.py,True,339,,2026-05-24 20:26:53,
scripts,scripts/step2_9/09_generate_dg_tables.py,True,297,,2026-05-24 20:26:53,
scripts,scripts/step2_9/10_plot_dg_figures.py,True,291,,2026-05-24 20:26:53,
scripts,scripts/step2_9/11_generate_if_go_nogo_package.py,True,315,,2026-05-24 20:26:53,
scripts,scripts/step2_9/common.py,True,81343,,2026-05-24 20:27:27,
robustness_outputs,paper_revision/final_outputs/infofusion_revision_package/05_robustness/missing_modality_robustness_metrics.csv,True,73,method;setting;n;auc;sensitivity;specificity;npv;ece;brier,2026-05-15 21:59:44,
robustness_outputs,paper_revision/final_outputs/infofusion_revision_package/05_robustness/input_corruption_robustness_metrics.csv,True,30,method;corruption;severity;n;auc;sensitivity;specificity;npv;ece;brier,2026-05-15 21:59:44,
robustness_outputs,paper_revision/final_outputs/infofusion_revision_package/05_robustness/label_noise_stress_metrics.csv,True,4,noise_rate;runs;n;flipped_train_labels_mean;auc_mean;auc_std;auc;auprc_mean;auprc_std;auprc;sensitivity_mean;sensitivity_std;sensitivity;specificity_mean;specificity_std;specificity;ppv_mean;ppv_std;ppv;npv_mean,2026-05-15 21:58:58,
robustness_outputs,paper_revision/final_outputs/infofusion_revision_package/08_coe_faithfulness/failure_cases_automatic.csv,True,148,case_id;center;y_true;y_prob;y_pred;top_evidence_modality;reliability_oct;reliability_colposcopy;reliability_clinical_prior;error_type,2026-05-11 09:25:17,
